PARENT_PRODUCT_ID,CHILD_PRODUCT_ID,QTY,UNIT
System-F717BFWAB05,System-F150BF1BB02,1,EA
System-F717RK6AA03,System-F859RD3LD03,1,EA
System-F717RK6BA01,System-F150RK6BA01,1,EA
System-F717RK6BA01,System-F859RD3LD03,1,EA
System-F717RM7BA03,System-F150RM7BA01,1,EA
System-F717RD3AA05,System-F150RD3BA03,1,EA
System-F717RD3AA05,System-F859RD3LD03,1,EA
System-F717RK6AA02,System-F150RK6BA01,1,EA
System-F717RK6AA02,System-F859RD3LD03,1,EA
System-F717RK6AA03,System-F150RK6BA01,1,EA
System-F717RD3AA02,System-F150RD3BA02,1,AS
System-F717RD3AA03,System-F150RD3BA03,1,EA
System-F717RD3AA03,System-F859RD3LD03,1,EA
System-F717BF1AC01,System-F150BF1BB02,1,EA
System-F165RD3LA01,System-EVO1RD3LA01,1,M
System-F166RD3LA01,System-EVX1RD3LA01,1,M
System-F152TF6AA01,System-F161TF6AA01,1,EA
System-F152TF7AE01,System-A154AKYAB03,15,EA
System-F152TF7AE01,System-A771AKYAB03,2,EA
System-F152TF7AE01,System-F156AKYAB01,12,EA
System-F164RD3BA01,System-EVI1RD3BA01,1,EA
System-F152TF5BF01,System-A153RZWLA01,4,EA
System-F152TF5BF01,System-A154RZWLA01,35,EA
System-F152TF5BF01,System-A155RZWLA01,1,EA
System-F152TF5BF01,System-A156RZWLA01,22,EA
System-F152TF5BF01,System-A771RZWLA01,2,EA
System-F152TF5BG01,System-A153RZWLA01,4,EA
System-F152TF5BG01,System-A154RZWLA01,41,EA
System-F152TF5BG01,System-A155RZWLA01,1,EA
System-F152TF5BG01,System-A156RZWLA01,25,EA
System-F152TF5BG01,System-A771RZWLA01,2,EA
System-F152TF5BH01,System-A153RZWLA01,4,EA
System-F152TF5BH01,System-A154RZWLA01,39,EA
System-F152TF5BH01,System-A155RZWLA01,1,EA
System-F152TF5BH01,System-A156RZWLA01,24,EA
System-F152TF5BH01,System-A771RZWLA01,2,EA
System-F152TF5BI01,System-A153RZWLA01,4,EA
System-F152TF5BI01,System-A154RZWLA01,39,EA
System-F152TF5BI01,System-A155RZWLA01,1,EA
System-F152TF5BI01,System-A156RZWLA01,24,EA
System-F152TF5BI01,System-A771RZWLA01,2,EA
System-F152TF5CA01,System-A851LP4AA01,10,EA
System-F152TF5CA01,System-F156LP4AA01,21,EA
System-F152TF6AA01,System-A154AKYAB03,36,EA
System-F152TF6AA01,System-A771AKYAB03,1,EA
System-F152TF6AA01,System-F156AKYAB01,22,EA
System-F152TF5AJ01,System-F156AKYAB01,20,EA
System-F152RD3TB01,System-A154AKYAB03,35,EA
System-F152RD3TB01,System-A771AKYAB03,2,EA
System-F152RD3TB01,System-F156AKYAB01,22,EA
System-F152RD3TC01,System-A154AKYAB03,33,EA
System-F152RD3TC01,System-A771AKYAB03,2,EA
System-F152RD3TC01,System-F156AKYAB01,21,EA
System-F152RK6AA01,System-A154AKYAB03,31,EA
System-F152RK6AA01,System-A771AKYAB03,2,EA
System-F152RK6AA01,System-F156AKYAB01,20,EA
System-F152RK6LA01,System-A154AKYAB03,31,EA
System-F152RK6LA01,System-A771AKYAB03,2,EA
System-F152RK6LA01,System-F156AKYAB01,20,EA
System-F152RM7BA01,System-A154AKYAB03,23,EA
System-F152RM7BA01,System-A771AKYAB03,2,EA
System-F152RM7BA01,System-F156AKYAB01,16,EA
System-F152LP4AA01,System-A851LP4AA01,10,EA
System-F152LP4AA01,System-F156LP4AA01,23,EA
System-F152LYALA01,System-A154CB5BA01,33,EA
System-F152LYALA01,System-A155LYAAA01,2,EA
System-F152LYALA01,System-A771LYAAA01,1,EA
System-F152LYALA01,System-A851CB5BA01,14,EA
System-F152LYALA01,System-F156CB5BB01,26,EA
System-F152LYALA02,System-A154CB5BA01,33,EA
System-F152LYALA02,System-A155LYAAA01,2,EA
System-F152LYALA02,System-A771LYAAA01,1,EA
System-F152LYALA02,System-A851CB5BA01,14,EA
System-F152LYALA02,System-F156CB5BB01,26,EA
System-F152QQVAA09,System-A153KBXAA02,4,EA
System-F152QQVAA09,System-A154KBXAA02,25,EA
System-F152QQVAA09,System-A155KBXBB01,1,EA
System-F152QQVAA09,System-A156KBXAB02,17,EA
System-F152QQVAA09,System-A771KBXAA01,2,EA
System-F152RAXLA02,System-A153RZWLA01,4,EA
System-F152RAXLA02,System-A154RZWLA01,29,EA
System-F152RAXLA02,System-A155RZWLA01,1,EA
System-F152RAXLA02,System-A156RZWLA01,19,EA
System-F152RAXLA02,System-A771RZWLA01,2,EA
System-F152RD3BA01,System-A154AKYAB03,23,EA
System-F152RD3BA01,System-A771AKYAB03,2,EA
System-F152RD3BA01,System-F156AKYAB01,16,EA
System-F152GGXAA05,System-A771KBXAA01,2,EA
System-F152TF5AJ01,System-F771AKYAB03,2,EA
System-F152TF5BA01,System-A153RZWLA01,4,EA
System-F152TF5BA01,System-A154RZWLA01,25,EA
System-F152TF5BA01,System-A155RZWLA01,1,EA
System-F152TF5BA01,System-A156RZWLA01,17,EA
System-F152TF5BA01,System-A771RZWLA01,2,EA
System-F152TF5BB01,System-A153RZWLA01,4,EA
System-F152TF5BB01,System-A154RZWLA01,27,EA
System-F152TF5BB01,System-A155RZWLA01,1,EA
System-F152TF5BB01,System-A156RZWLA01,18,EA
System-F152TF5BB01,System-A771RZWLA01,2,EA
System-F152TF5BC01,System-A153RZWLA01,4,EA
System-F152TF5BC01,System-A154RZWLA01,27,EA
System-F152TF5BC01,System-A155RZWLA01,1,EA
System-F152TF5BC01,System-A156RZWLA01,18,EA
System-F152TF5BC01,System-A771RZWLA01,2,EA
System-F152TF5BD01,System-A153RZWLA01,4,EA
System-F152TF5BD01,System-A154RZWLA01,29,EA
System-F152TF5BD01,System-A155RZWLA01,1,EA
System-F152TF5BD01,System-A156RZWLA01,19,EA
System-F152TF5BD01,System-A771RZWLA01,2,EA
System-F152TF5BE01,System-A153RZWLA01,4,EA
System-F152TF5BE01,System-A154RZWLA01,29,EA
System-F152TF5BE01,System-A155RZWLA01,1,EA
System-F152TF5BE01,System-A156RZWLA01,19,EA
System-F152TF5BE01,System-A771RZWLA01,2,EA
System-F152TF5AC01,System-A154AKYAB03,35,EA
System-F152TF5AC01,System-A771AKYAB03,2,EA
System-F152TF5AC01,System-F156AKYAB01,22,EA
System-F152TF5AD01,System-A154AKYAB03,35,EA
System-F152TF5AD01,System-A771AKYAB03,2,EA
System-F152TF5AD01,System-F156AKYAB01,22,EA
System-F152TF5AD02,System-A154AKYAB03,35,EA
System-F152TF5AD02,System-A771AKYAB03,2,EA
System-F152TF5AD02,System-F156AKYAB01,22,EA
System-F152TF5AE01,System-A154AKYAB03,37,EA
System-F152TF5AE01,System-A771AKYAB03,2,EA
System-F152TF5AE01,System-F156AKYAB01,23,EA
System-F152TF5AF01,System-A154AKYAB03,33,EA
System-F152TF5AF01,System-A771AKYAB03,2,EA
System-F152TF5AF01,System-F156AKYAB01,21,EA
System-F152TF5AI01,System-A154AKYAB03,35,EA
System-F152TF5AI01,System-A771AKYAB03,2,EA
System-F152TF5AI01,System-F156AKYAB01,22,EA
System-F152TF5AJ01,System-A154AKYAB03,31,EA
System-F152RM7LA01,System-A851LP4AA01,14,EA
System-F152RM7LA01,System-F156AKYAB01,25,EA
System-F152RZWLA04,System-A153RZWLA01,4,EA
System-F152RZWLA04,System-A154RZWLA01,25,EA
System-F152RZWLA04,System-A155RZWLA01,1,EA
System-F152RZWLA04,System-A156RZWLA01,17,EA
System-F152RZWLA04,System-A771RZWLA01,2,EA
System-F152TF5AA01,System-A154AKYAB03,29,EA
System-F152TF5AA01,System-A771AKYAB03,2,EA
System-F152TF5AA01,System-F156AKYAB01,19,EA
System-F152TF5AA02,System-A154AKYAB03,29,EA
System-F152TF5AA02,System-A771AKYAB03,2,EA
System-F152TF5AA02,System-F156AKYAB01,19,EA
System-F152TF5AB01,System-A154AKYAB03,31,EA
System-F152TF5AB01,System-A771AKYAB03,2,EA
System-F152TF5AB01,System-F156AKYAB01,20,EA
System-F152TF5AB02,System-A154AKYAB03,35,EA
System-F152TF5AB02,System-A771AKYAB03,2,EA
System-F152TF5AB02,System-F156AKYAB01,22,EA
System-F1B1RK6AA01,System-EDP1RK6AA01,1,EA
System-F1B1RK6AA01,System-EDP2RK6AA01,1,EA
System-F1B1RK6AC01,System-EDP1RK6AC01,1,EA
System-F1B1RK6AC01,System-EDP2RK6AC01,1,EA
System-F1B1RK6LA03,System-EDP1RK6LA03,1,EA
System-F1B1RK6LA03,System-EDP2RK6LA03,1,EA
System-F200AKYAA12,System-F760AKYAA12,1,EA
System-F200BF1AA04,System-F760BF1AA04,1,EA
System-F200CA4AA04,System-F140DC4AA01,1,EA
System-F195RM7LB02,System-D250RM7LA01,1,EA
System-F195RM7LB02,System-F150RM7LA01,1,EA
System-F195LYALD03,System-D250LYALA01,1,EA
System-F195LYALD03,System-D251LYALA01,1,EA
System-F195LYALD03,System-F150LYALA01,1,EA
System-F195LYALE01,System-D250LYALA01,1,EA
System-F195LYALE01,System-D251LYALA01,1,EA
System-F195LYALF01,System-D250LYALA01,1,EA
System-F195LYALF01,System-D251LYALA01,1,EA
System-F195LYALG01,System-D250LYALA01,1,EA
System-F195LYALG01,System-D251LYALA01,1,EA
System-F195RM7LA02,System-D250RM7LA01,1,EA
System-F195RM7LA02,System-F150RM7LA01,1,EA
System-F195LYALA03,System-D250LYALA01,1,EA
System-F195LYALA03,System-D251LYALA01,1,EA
System-F195LYALA03,System-F150LYALA01,1,EA
System-F195LYALC03,System-D250LYALA01,1,EA
System-F195LYALC03,System-D251LYALA01,1,EA
System-F171RD3BA01,System-EDP1RD3BA01,1,EA
System-F171RD3BA01,System-EDP2RD3BA01,1,EA
System-F124LYABC03,System-F195LYALG01,1,EA
System-F124LYABB01,System-F195LYALE01,1,EA
System-F124LYABA03,System-F195LYALF01,1,EA
System-TA20LYATD02,System-TA21LYATC01,1,EA
System-TA20LYATE02,System-TA21LYATD01,1,EA
System-F500RZWTA01,System-F5A3RZWTA01,1,EA
System-F500WBAAA03,System-F5A3WBAAA01,1,EA
System-F500WBABA03,System-F5A3WBABA01,1,EA
System-F500RK6SA01,System-F5A3RK6SA01,1,EA
System-F500RK6TA01,System-F5A3RK6TA01,1,EA
System-F500PA4AA02,System-F5A3PA4AA01,1,EA
System-F500PA4AA04,System-F5A3PA4AA01,1,EA
System-F500LYALB02,System-F5A3LYALB01,1,EA
System-F500MD9AA01,System-F5A3MD9AA01,1,EA
System-F500MD9SA02,System-F5A3MD9SA02,1,EA
System-F500RZWLA07,System-F5A3RZWLA03,1,EA
System-F500RD3BA03,System-F5A3RD3BA03,1,EA
System-F500RJ3BA02,System-F5A3RJ3BA01,1,EA
System-F500RD3AA04,System-F5A3RD3AA04,1,EA
System-D100RZWPA11,System-D250RZWLA05,1,EA
System-F123PA4LA01,System-F150PA4LA01,1,EA
System-D911LQ9SA01,System-D811LQ9SA01,1,EA
System-D911LQ9TA01,System-D811LQ9TA01,1,EA
System-D300RZWLT01,System-D316RZWLA02,1,EA
System-D300RZWMA07,System-D316RZWLA02,1,EA
System-D300TC6LA02,System-D316RK6LA01,1,EA
System-D300RK6LB01,System-D316RK6LA01,1,EA
System-D100RZWPA10,System-D250RZWPA03,1,EA
System-D100RZWPA11,System-D104RZWLA05,1,EA
System-F123BF1LA01,System-F150BF1LA01,1,EA
System-F101RZWMA07,System-F150RZWLA05,1,EA
System-F101RZWMA08,System-F150RZWLA05,1,EA
System-D300RK6LB02,System-D316RK6LA01,1,EA
System-D300RK6LC01,System-D316RK6LA01,1,EA
System-D300RZWAA08,System-D316RZWAA01,1,EA
System-D300RZWLA08,System-D316RZWLA02,1,EA
System-D100RZWLB10,System-D104RZWLA05,1,EA
System-D100RZWPA10,System-D104RZWLA05,1,EA
System-F101RZWLA07,System-F150RZWLA05,1,EA
System-F101RZWLB08,System-F150RZWLA05,1,EA
System-D300RD3LA02,System-D316RZWLA02,1,EA
System-D300RK6AA03,System-D316RK6AA01,1,EA
System-D300RK6AA04,System-D316RK6AA01,1,EA
System-D300RK6AB03,System-D316RK6AA01,1,EA
System-D300RK6AB04,System-D316RK6AA01,1,EA
System-D300RK6LA03,System-D316RK6LA01,1,EA
System-D300RK6LA04,System-D316RK6LA01,1,EA
System-D100RZWLA11,System-D104RZWLA05,1,EA
System-D100RZWLA11,System-D250RZWLA05,1,EA
System-D100RZWLB09,System-D104RZWLA05,1,EA
System-F101RZWLB09,System-F150RZWLA05,1,EA
System-F101RZWAA10,System-F150RZWAA09,1,EA
System-F101RZWAA11,System-F150RZWAA09,1,EA
System-F101RZWAB09,System-F150RZWAA09,1,EA
System-F101RZWAB10,System-F150RZWAA09,1,EA
System-D100RZWBA11,System-D102RZWAA03,1,EA
System-D100RZWBA11,System-D250RZWBA05,1,EA
System-D100RZWBA12,System-D102RZWAA03,1,EA
System-F101RK6LB01,System-F150RK6LA02,1,EA
System-F101RK6LC01,System-F150RK6LC02,1,EA
System-F101RK6LD01,System-F150RK6LC02,1,EA
System-F101RK6LE01,System-F150RK6LC02,1,EA
System-F101RK6LF01,System-F150RK6LC02,1,EA
System-D252QQVAA01,System-D440RZWLA04,18,EA
System-D252RK6AA01,System-D254RK6AA01,19,EA
System-F101RK6AC01,System-F150RK6AC01,1,EA
System-F101RK6AD01,System-F150RK6AC01,1,EA
System-F101RK6LA02,System-F150RK6LA02,1,EA
System-D417LYAAA01,System-D252LYAAA01,1,EA
System-D417RK6AA01,System-D252RK6AA01,1,EA
System-D252RM7AA01,System-D254RM7AA01,19,EA
System-D252RM7AA01,System-D440RM7AA01,18,EA
System-D251RM7AA01,System-D252RM7AA01,1,EA
System-D251RM7LA01,System-D252RM7AA01,1,EA
System-D100RZWBA12,System-D250RZWBA05,1,EA
System-D100RZWLA10,System-D104RZWLA05,1,EA
System-D100RZWLA10,System-D250RZWLA05,1,EA
System-F101RK6LA03,System-F150RK6LA02,1,EA
System-F101RD3AB01,System-F150RD3AA01,1,EA
System-F101RD3LA01,System-F150RD3LA01,1,EA
System-F101RD3LB01,System-F150RD3LA01,1,EA
System-F101RK6AA01,System-F150RK6AA01,1,EA
System-D251RZWAA06,System-D252QQVAA01,1,EA
System-D251RZWAA06,System-D258RZWAA04,1,EA
System-D251RZWBA03,System-D252QQVAA01,1,EA
System-D251RZWBA04,System-D252QQVAA01,1,EA
System-D251RZWBA04,System-D258RZWBA03,1,EA
System-D251RZWLA06,System-D252QQVAA01,1,EA
System-D251RZWLA06,System-D258RZWLA04,1,EA
System-D251RZWPA05,System-D252QQVAA01,1,EA
System-D251RZWPA05,System-D258RZWPA04,1,EA
System-D252LP4AA01,System-D254LP4AA01,19,EA
System-D252LYAAA01,System-D254LYAAA01,33,EA
System-D252QQVAA01,System-D254RZWLA02,19,EA
System-F124LP4AB10,System-F150LP4CA01,1,EA
System-F101RK6AB01,System-F150RK6AA01,1,EA
System-F101QQVLA09,System-F150QQVLA06,1,EA
System-F101RAXAA04,System-F103RAXAA06,1,EA
System-F101RAXAA04,System-F150RAXAA03,1,EA
System-F101RAXLA04,System-F103RAXLA05,1,EA
System-F101RAXLA04,System-F150RAXLA02,1,EA
System-D251LYALA01,System-D417LYAAA01,1,EA
System-D251RK6AA01,System-D417RK6AA01,1,EA
System-D251RK6BA01,System-D417RK6AA01,1,EA
System-D251RK6LA01,System-D417RK6AA01,1,EA
System-D251RK6PA01,System-D417RK6AA01,1,EA
System-D250LYALA01,System-D251LYALA01,1,EA
System-D250RK6AA01,System-D251RK6AA01,1,EA
System-F124LP4AC03,System-D250LP4AA02,1,EA
System-F124LP4AB10,System-D250LP4AA02,1,EA
System-F101RD3AA01,System-F150RD3AA01,1,EA
System-D250RM7LA01,System-D251RM7AA01,1,EA
System-D250RM7TA01,System-D250RM7LA01,1,EA
System-D250RZWAA05,System-D251RZWAA06,1,EA
System-D250RZWBA05,System-D251RZWBA04,1,EA
System-D250RZWLA05,System-D251RZWLA06,1,EA
System-D250RZWPA03,System-D251RZWPA05,1,EA
System-F124LP4AB07,System-D250LP4AA02,1,EA
System-F124LP4AB07,System-F150LP4AA02,1,EA
System-D250DC4LA01,System-D251DC4LA01,1,EA
System-D250LP4AA01,System-D251LP4AA02,1,EA
System-D250LP4AA02,System-D251LP4AA02,1,EA
System-D250LP4LA01,System-D251LP4LA02,1,EA
System-D250LP4LA02,System-D251LP4LA02,1,EA
System-D250LPCSX01,System-D251LPCSX01,1,EA
System-D250LPCTX01,System-D251LPCTX01,1,EA
System-E104LQ9SA01,System-E114LQ9SA01,1,EA
System-E104LQ9SA01,System-E124LQ9SA01,1,EA
System-E104LQ9TA01,System-E114LQ9TA01,1,EA
System-E104LQ9TA01,System-E124LQ9TA01,1,EA
System-E105LQ9SA01,System-E115LQ9SA01,1,EA
System-E105LQ9SA01,System-E125LQ9SA01,1,EA
System-E105LQ9TA01,System-E115LQ9TA01,1,EA
System-E105LQ9TA01,System-E125LQ9TA01,1,EA
System-F124LP4AA10,System-D250LP4AA02,1,EA
System-F124LP4AA10,System-F150LP4CA01,1,EA
System-R750TG6AA04,System-R704TG6AA01,24,EA
System-R750TG6AA05,System-R704TG6AA01,24,EA
System-R750TG6AA07,System-R704TG6AA03,24,EA
System-R750MA5CA06,System-R751MA5CA01,1,EA
System-R750MA5CA09,System-R751MA5CA01,1,EA
System-R700TF6CA01,System-R704RZWAA01,19,EA
System-R701GRAAA01,System-R703GRAAA01,28,EA
System-R701GRAAA01,System-R704GRAAA01,15,EA
System-R201LYAQA03,System-R202LYAQA01,1,EA
System-R750MA5EA03,System-R751MA5EA02,1,EA
System-R750RM7AA04,System-R701RM7AA01,1,EA
System-R750TF6CA01,System-R700TF6CA01,1,EA
System-R750TF6CA02,System-R700TF6CA01,1,EA
System-R750TF9AA01,System-R704MA5CA01,16,EA
System-R750TF9AA02,System-R704TF9AA01,16,EA
System-R700RZWAA01,System-R704RZWAA01,11,EA
System-R700RZWAA02,System-R704RZWAA01,11,EA
System-R700RZWAA03,System-R704RZWAA01,11,EA
System-R201LYANA03,System-R202LYANA01,1,EA
System-SCPATC6AA01,System-SCP1TC6AA01,1,EA
System-SCPATC6AA01,System-SCP2TC6AA01,1,EA
System-SCPATC6BA01,System-SCP1TC6BA01,1,EA
System-SCPATC6CA01,System-SCP1TC6CA01,1,EA
System-SCPATC6CA01,System-SCP2TC6CA01,1,EA
System-SCPATC6LA01,System-SCP2TC6LA02,1,EA
System-SCPATC6LA01,System-SCP3TC6LA01,1,EA
System-R700GRAAA01,System-R750GRAAA01,1,EA
System-R201LYAPA03,System-R202LYAQA01,1,EA
System-SCPALPCXD02,System-SCP1LPCXD02,1,EA
System-SCPARD3AA01,System-SCP1RD3AA01,1,EA
System-SCPARD3AA01,System-SCP2RD3AA01,1,EA
System-SCPARD3BA01,System-SCP1RD3BA01,1,EA
System-SCPARD3BA01,System-SCP2RD3BA01,1,EA
System-SCPARD3LA01,System-SCP1RD3LA01,1,EA
System-SCPARD3LA01,System-SCP2RD3LA01,1,EA
System-R750GRAAA01,System-R701GRAAA01,1,EA
System-R201LYAFA03,System-R202LYADA01,1,EA
System-R501GT7AT08,System-R200GT7NA03,1,EA
System-R201LYACA03,System-R202LYACA01,1,EA
System-R201LYAEA03,System-R202LYADA01,1,EA
System-R2A4LYANA03,System-F200LYALA02,1,EA
System-R2A4LYAPA03,System-F200LYALA02,1,EA
System-R2A4LYAQA03,System-F200LYALA02,1,EA
System-R200YAYNA04,System-R202YAYCA01,1,EA
System-R2A4LYACA03,System-F200LYALA02,1,EA
System-R2A4LYAEA03,System-F200LYALA02,1,EA
System-R2A4LYAFA03,System-F200LYALA02,1,EA
System-R200RMBNA02,System-R102RMBAA01,1,EA
System-R200RMBNA02,System-R202RM7NA02,1,EA
System-R200RZWEB01,System-R202RZWPA02,1,EA
System-R200RM7NA03,System-R202RM7NA02,1,EA
System-R200RM7NA04,System-R202RM7NA02,1,EA
System-R200RM7CA04,System-R202RM7NA02,1,EA
System-R200RM7NA02,System-R202RM7CA01,1,EA
System-R200RAXCA02,System-R202RAXCA02,1,EA
System-R200RAXCB01,System-R202RAXCA02,1,EA
System-R200RAXNA02,System-R202RAXNA02,1,EA
System-R200RM7QA02,System-R202RM7DA01,1,EA
System-R200RM7QA03,System-R202RM7QA02,1,EA
System-R200RF5CA01,System-R202RF5CA01,1,EA
System-R200RF5DA01,System-R202RF5DA01,1,EA
System-TA20LYATC02,System-TA21LYATC01,1,EA
System-R750TGCAA03,System-R704TG6AA03,24,EA
System-R750WMCAA01,System-R701WMCAA01,1,EA
System-R751MA5CA01,System-R704MA5CA01,24,EA
System-R751MA5EA01,System-R704MA5CA01,22,EA
System-R751MA5EA02,System-R704MA5CA01,22,EA
System-R202RZWFA01,System-R204RZWFA01,58,EA
System-R202RZWFA01,System-R207RZWPA02,2,EA
System-R750TGABA01,System-R704TG6AA03,29,EA
System-R750TGBBA01,System-R704TG6AA03,29,EA
System-R750TGCAA01,System-R704TG6AA03,24,EA
System-R750TGCAA02,System-R704TG6AA03,24,EA
System-R202RZWNA02,System-R207RZWNA02,2,EA
System-R202RZWNA02,System-R276RZWNA01,58,EA
System-R202RZWPA02,System-R204RZWPA01,58,EA
System-R202RZWPA02,System-R207RZWPA02,2,EA
System-R202YAYCA01,System-R276YAYCA01,42,EA
System-R202RF5CA01,System-R204RF5CA01,38,EA
System-R202RF5DA01,System-R204RF5DA01,38,EA
System-R750TGAAB01,System-R704TG6AA03,24,EA
System-R750TGAAB02,System-R704TG6AA03,24,EA
System-R750TGAAB03,System-R704TG6AA03,24,EA
System-R202RM7CA01,System-R276RM7NA01,53,EA
System-R202RM7DA01,System-R276RM7CA01,42,EA
System-R202RM7NA02,System-R276RM7NA02,53,EA
System-R202RM7QA02,System-R276RM7CA02,42,EA
System-R202RZWCA02,System-R207RZWNA02,2,EA
System-R202RZWCA02,System-R276RZWCA01,58,EA
System-R750TG9CA01,System-R704TG6AA03,24,EA
System-R750TG9CA03,System-R704TG6AA03,24,EA
System-R750TGAAA02,System-R704TG6AA03,24,EA
System-R750TGAAA03,System-R704TG6AA03,24,EA
System-R750TG6BA07,System-R704TG6AA03,24,EA
System-R202LYAQA01,System-R280LYAQA01,89,EA
System-R202RAXCA02,System-R204RAXCA02,62,EA
System-R202RAXCA02,System-R207RAXCA03,2,EA
System-R202RAXNA02,System-R204RAXNA02,62,EA
System-R202RAXNA02,System-R207RAXCA03,2,EA
System-R202RF3CA02,System-R204RF3CA01,38,EA
System-R202GRACA01,System-R204GRACA01,61,EA
System-R202GT7CA01,System-R204GT7AA01,43,EA
System-R750TG6BA08,System-R704TG6AA03,24,EA
System-R750TG6BA10,System-R704TG6AA03,24,EA
System-R750TG8AA02,System-R704TG6AA03,24,EA
System-R750TG8AA03,System-R704TG6AA03,24,EA
System-R750TG6AA09,System-R704TG6AA03,24,EA
System-R701LYAAA01,System-R704LYAAA01,12,EA
System-R701LYABA01,System-R704LYABA01,13,EA
System-R701RM7AA01,System-R704RM7AA02,7,EA
System-R700TF6AA01,System-R701TF6AA01,1,EA
System-R700TF6AA01,System-R704MA5CA01,11,EA
System-R202GT7NA01,System-R204GT7AA02,43,EA
System-R202KUAAA01,System-R276KUAAA01,41,EA
System-R202KUABA01,System-R276KUABA01,41,EA
System-R202KUADA01,System-R276KUADA01,36,EA
System-R202KUAEA01,System-R276KUAEA01,36,EA
System-R202LQ9RA01,System-R276LQ9RA01,69,EA
System-R750TG6AA10,System-R704TG6AA03,24,EA
System-R750TG6BA05,System-R704TG6AA01,24,EA
System-R750TG6BA06,System-R704TG6AA01,24,EA
System-F124LP4CA08,System-F150LP4CA01,1,EA
System-F124LP4CA08,System-D250LP4AA02,1,EA
System-F124LQ9RB01,System-D250LQ9RA01,1,EA
System-F124LQ9RB01,System-F168LQ9TA01,1,EA
System-F124LQ9RB01,System-F169LQ9TA01,1,EA
System-F124LQ9QB01,System-F202LQ9SA01,1,EA
System-F124LP4MA06,System-F150LP4AA02,1,EA
System-F124LP4CA03,System-F150LP4AA01,1,EA
System-F124LQ9QB02,System-D250LQ9QA01,1,EA
System-F124LQ9QB02,System-F168LQ9TA01,1,EA
System-F124LQ9QB02,System-F202LQ9SA01,1,EA
System-F124LQ9RA01,System-D250LQ9RA01,1,EA
System-F124LQ9RA01,System-F168LQ9TA01,1,EA
System-F124LQ9RA01,System-F169LQ9TA01,1,EA
System-F124LQ9QA01,System-F168LQ9TA01,1,EA
System-F124LQ9UA07,System-D250LQ9TA01,1,EA
System-F124LQ9UA07,System-D911LQ9TA01,1,EA
System-F124LQ9UA07,System-F168LQ9TA01,1,EA
System-F124LQ9UA07,System-F169LQ9TA01,1,EA
System-F124LQ9UA07,System-F202LQ9TA01,1,EA
System-F124LQ9QA01,System-F202LQ9SA01,1,EA
System-F124LQ9QB01,System-F168LQ9TA01,1,EA
System-F124LQ9PA01,System-F168LQ9TA01,1,EA
System-F124LQ9PA01,System-F169LQ9TA01,1,EA
System-F124LP4BA06,System-F150LP4AA02,1,EA
System-F124LQ9PB01,System-D250LQ9RA01,1,EA
System-F124LQ9PB01,System-F168LQ9TA01,1,EA
System-F124LQ9PB01,System-F169LQ9TA01,1,EA
System-F124LQ9QA01,System-D250LQ9QA01,1,EA
System-F124LP4LC07,System-F150LP4AA02,1,EA
System-F124LP4AF01,System-D250LP4AA02,1,EA
System-F124LP4AF01,System-F150LP4AA02,1,EA
System-F124LPCUB01,System-D250LPCTX01,1,EA
System-F124LPCUB01,System-F153LPCTX01,1,EA
System-F124LQ9PA01,System-D250LQ9RA01,1,EA
System-F124LPCTA02,System-F153LPCTX01,1,EA
System-F124LP4LC07,System-D250LP4LA02,1,EA
System-F124LP4CA03,System-D250LP4AA01,1,EA
System-F124LP4AD03,System-D250LP4AA02,1,EA
System-F124LP4AD03,System-F150LP4AA02,1,EA
System-F124LPCTB02,System-D250LPCTX01,1,EA
System-F124LPCTB02,System-F153LPCTX01,1,EA
System-F124LP4AC03,System-F150LP4AA02,1,EA
System-F124LQ9TA07,System-D250LQ9TA01,1,EA
System-F124LQ9TA07,System-D911LQ9TA01,1,EA
System-F124LQ9TA07,System-F168LQ9TA01,1,EA
System-F124LQ9TA07,System-F169LQ9TA01,1,EA
System-F124LQ9TA07,System-F202LQ9TA01,1,EA
System-F124LPCSB02,System-D250LPCSX01,1,EA
System-F124LPCSB02,System-F153LPCSX01,1,EA
System-F124LPCTA02,System-D250LPCTX01,1,EA
System-F124LPCPB02,System-D250LPCTX01,1,EA
System-F124LPCPB02,System-F153LPCTX01,1,EA
System-F124LP4LB10,System-D250LP4LA02,1,EA
System-F124LP4LB10,System-F150LP4CA01,1,EA
System-F124LP4AE04,System-D250LP4AA02,1,EA
System-F124LP4AE04,System-F150LP4CA01,1,EA
System-F124LPCSA02,System-D250LPCSX01,1,EA
System-F124LPCSA02,System-F153LPCSX01,1,EA
System-F124LPCSA03,System-D250LPCSX01,1,EA
System-F124LPCSA03,System-F153LPCSX01,1,EA
System-F124LP4PA04,System-D250LP4LA02,1,EA
System-F124LP4PA04,System-F150LP4CA01,1,EA
System-F124LPCPA02,System-D250LPCTX01,1,EA
System-F124LPCPA02,System-F153LPCTX01,1,EA
System-F124LP4NC06,System-D250LP4LA02,1,EA
System-F124LQ9YA07,System-F168LQ9TA01,1,EA
System-F124LQ9YA07,System-F169LQ9TA01,1,EA
System-F124LQ9SB06,System-F168LQ9TA01,1,EA
System-F124LQ9SB06,System-F202LQ9SA01,1,EA
System-F124LP4NC06,System-F150LP4AA02,1,EA
System-F124LP4LA10,System-D250LP4LA02,1,EA
System-F124LP4LA10,System-F150LP4CA01,1,EA
System-F124LQ9YA07,System-F202LQ9TA01,1,EA
System-F124LQ9SB06,System-D250LQ9SA01,1,EA
System-F124LQ9YA06,System-D250LQ9TA01,1,EA
System-F124LQ9YA06,System-D911LQ9TA01,1,EA
System-F124LQ9YA06,System-F168LQ9TA01,1,EA
System-F124LQ9YA06,System-F169LQ9TA01,1,EA
System-F124LQ9YA06,System-F202LQ9TA01,1,EA
System-F124LQ9YA07,System-D250LQ9TA01,1,EA
System-F124LQ9YA07,System-D911LQ9TA01,1,EA
System-F124LQ9SA07,System-F202LQ9SA01,1,EA
System-F124LP4NB06,System-D250LP4LA02,1,EA
System-F124LP4NB06,System-F150LP4AA02,1,EA
System-F124LQ9UB06,System-D250LQ9TA01,1,EA
System-F124LP4DA03,System-D250LP4AA02,1,EA
System-F124LP4DA03,System-F150LP4CA01,1,EA
System-F124LQ9UB06,System-D911LQ9TA01,1,EA
System-F124LQ9UB06,System-F168LQ9TA01,1,EA
System-F124LQ9UB06,System-F169LQ9TA01,1,EA
System-F124LQ9UB06,System-F202LQ9TA01,1,EA
System-F124LQ9SA07,System-D250LQ9SA01,1,EA
System-F124LQ9SA07,System-F168LQ9TA01,1,EA
System-F124LP4NA08,System-D250LP4LA02,1,EA
System-F124LP4NA08,System-F150LP4CA01,1,EA
System-F124LP4CB03,System-D250LP4AA02,1,EA
System-F124LP4CB03,System-F150LP4CA01,1,EA
System-F124LP4DA02,System-D250LP4AA02,1,EA
System-F124LP4DA02,System-F150LP4AA02,1,EA
System-F150PA4LA01,System-F151PA4LA01,1,EA
System-F150QQVLA06,System-F151QQVLA04,1,EA
System-F150RAXAA03,System-F151RAXAA04,1,EA
System-F150RAXLA02,System-F151RAXLA03,1,EA
System-F150RD3AA01,System-F151RD3AA01,1,EA
System-F150RD3BA02,System-F151RD3BA02,1,EA
System-F150RD3BA03,System-F151RD3BA02,1,EA
System-F150DC4LA01,System-F151DC4LA01,1,EA
System-F150LP4AA01,System-F152LP4AA01,1,EA
System-F150LP4AA02,System-F152LP4AA01,1,EA
System-F150LP4TA01,System-F150LP4AA02,1,EA
System-F150LQ9SS01,System-F151LQ9TS01,1,EA
System-F150LQ9TS01,System-F151LQ9TS01,1,EA
System-F150LYALA01,System-F151LYALA01,1,EA
System-F140RAXAA04,System-F760RAXAA01,1,EA
System-F140RM7AA01,System-F760RM7AA01,1,EA
System-F140RM7AB01,System-F760RM7AB01,1,EA
System-F140RZWLA02,System-F760RZWLA03,1,EA
System-F140RZWLB03,System-F760RZWLB02,1,EA
System-F148LP4AA01,System-F150LP4AA02,1,EA
System-F148LP4LA01,System-F150LP4AA02,1,EA
System-F150BF1BB02,System-F151BFWAB02,1,EA
System-F150BF1LA01,System-F151BF1LA01,1,EA
System-F140LQ9QA02,System-F760LQ9QA02,1,EA
System-F140LQ9RA01,System-F760LQ9RA01,1,EA
System-F140LQCTA01,System-F760LQCTA01,1,EA
System-F140LYALA02,System-F760LYALA02,1,EA
System-F139TE7LC02,System-PSU1TE7LC01,1,EA
System-F139TE7SA01,System-PSU1TE7AC01,1,EA
System-F139TE7SL01,System-PSU1TE7LC01,1,EA
System-F139TIBLA01,System-PSU1TIBLA01,1,EA
System-F140LP4AA01,System-F760LP4AA01,1,EA
System-F139TE7AC01,System-PSU1TE7AC01,1,EA
System-F139TE7AC02,System-PSU1TE7AC01,1,EA
System-F139TE7LA04,System-PSU1TE7LA02,1,EA
System-F139TC6AA01,System-PSD1TC6AA01,1,EA
System-F139TC6CA01,System-PSD1TC6CA01,1,EA
System-F139TC6LA01,System-PSD1TC6LA01,1,EA
System-F139TC6LB02,System-PSD1TC6LB01,1,EA
System-F139TE7AA02,System-PSU1TE7AA02,1,EA
System-F152HHXAB02,System-A154AKYAB03,37,EA
System-F152HHXAB02,System-A771AKYAB03,2,EA
System-F152HHXAB02,System-F156AKYAB01,23,EA
System-F152KBXAA04,System-A153KBXAA02,4,EA
System-F152KBXAA04,System-A154KBXAA02,17,EA
System-F152KBXAA04,System-A155KBXBB01,1,EA
System-F152KBXAA04,System-A156KBXAB02,13,EA
System-F152KBXAA04,System-A771KBXAA01,2,EA
System-F152KF2AA06,System-A154AKYAB03,41,EA
System-F152KF2AA06,System-F156AKYAB01,25,EA
System-F152KF2AA06,System-F771AKYAB03,2,EA
System-F152KS2LA02,System-A154AKYAB03,35,EA
System-F152KS2LA02,System-A771AKYAB03,2,EA
System-F152KS2LA02,System-F156AKYAB01,22,EA
System-F152BBWLA05,System-A771KBXAA01,2,EA
System-F152BF1BB01,System-A153RZWLA01,4,EA
System-F152BF1BB01,System-A154RZWLA01,27,EA
System-F152BF1BB01,System-A155RZWLA01,1,EA
System-F152BF1BB01,System-A156RZWLA01,18,EA
System-F152BF1BB01,System-A771RZWLA01,2,EA
System-F152DC4AA01,System-A154AKYAB03,45,EA
System-F152DC4AA01,System-A771AKYAB03,2,EA
System-F152DC4AA01,System-F156AKYAB01,27,EA
System-F152DC4AA02,System-A154AKYAB03,45,EA
System-F152DC4AA02,System-A771AKYAB03,2,EA
System-F152DC4AA02,System-F156AKYAB01,27,EA
System-F152EA4AA02,System-A154AKYAB03,49,EA
System-F152EA4AA02,System-A771AKYAB03,2,EA
System-F152EA4AA02,System-F156AKYAB01,23,EA
System-F152EA4RA02,System-A154AKYAB03,33,EA
System-F152EA4RA02,System-A771AKYAB03,2,EA
System-F152EA4RA02,System-F156AKYAB01,21,EA
System-F152GGXAA05,System-A153KBXAA02,4,EA
System-F152GGXAA05,System-A154KBXAA02,37,EA
System-F152GGXAA05,System-A155KBXBB01,1,EA
System-F152GGXAA05,System-A156KBXAB02,23,EA
System-F152AKYAA10,System-A154AKYAB03,41,EA
System-F139RD3LA02,System-PSU1RD3LA01,1,EA
System-F139RD3LA04,System-PSU1RD3LA01,1,EA
System-F139RD3LB02,System-PSU1RD3LB01,1,EA
System-F152AKYAA10,System-F156AKYAB01,25,EA
System-F152AKYAA10,System-F771AKYAB03,2,EA
System-F152AZVBB01,System-A143BBJAB01,1,EA
System-F152AZVBB01,System-A143CCKAB01,1,EA
System-F152AZVBB01,System-A156BBJAB01,18,EA
System-F152AZVBC01,System-A143BBJAB01,1,EA
System-F152AZVBC01,System-A143CCKAB01,1,EA
System-F152AZVBC01,System-A156BBJAB01,14,EA
System-F152AZVBG01,System-A143BBJAB01,1,EA
System-F152AZVBG01,System-A143CCKAB01,1,EA
System-F152AZVBG01,System-A156BBJAB01,15,EA
System-F152AZWBE01,System-A143BBJAB01,1,EA
System-F152AZWBE01,System-A143CCKAB01,1,EA
System-F152AZWBE01,System-A156BBJAB01,15,EA
System-F152BBWAA05,System-A153KBXAA02,4,EA
System-F152BBWAA05,System-A154KBXAA02,31,EA
System-F152BBWAA05,System-A155KBXBB01,1,EA
System-F152BBWAA05,System-A156KBXAB02,20,EA
System-F152BBWAA05,System-A771KBXAA01,2,EA
System-F152BBWLA05,System-A153KBXAA02,4,EA
System-F152BBWLA05,System-A154KBXAA02,31,EA
System-F152BBWLA05,System-A155KBXBB01,1,EA
System-F152BBWLA05,System-A156KBXAB02,20,EA
System-F139RD3AA01,System-PSD1RD3AA01,1,EA
System-F139RD3AA02,System-PSD1RD3AA01,1,EA
System-F139RD3BA02,System-PSD1RD3BA01,1,EA
System-F151RD3LA03,System-F152RZWLA04,1,EA
System-F151RD3LA03,System-F165RD3LA01,1,EA
System-F151RK6AA01,System-F152RK6AA01,1,EA
System-F151RK6LA01,System-F152RK6LA01,1,EA
System-F151RM7BA01,System-F152RD3BA01,1,EA
System-F151RZWAA08,System-F152RZWLA04,1,EA
System-F151RZWLA04,System-F152RZWLA04,1,EA
System-F151RZWMA04,System-F152RZWLA04,1,EA
System-F151SC8AA01,System-F152HHXAB02,1,EA
System-F152ACWLA04,System-A154AKYAB03,37,EA
System-F152ACWLA04,System-F156AKYAB01,23,EA
System-F152ACWLA04,System-F771AKYAB03,2,EA
System-F152AKYAA09,System-A154AKYAB03,41,EA
System-F152AKYAA09,System-A771AKYAB03,2,EA
System-F152AKYAA09,System-F156AKYAB01,25,EA
System-F151DC4LA01,System-F152DC4AA01,1,EA
System-F151LP4TA01,System-F152LP4AA01,1,EA
System-F151LYALA01,System-F152LYALA02,1,EA
System-F151PA4LA01,System-F152AKYAA09,1,EA
System-F151QQVLA04,System-F152RZWLA04,1,EA
System-F151RAXAA04,System-F152RAXLA02,1,EA
System-F151RAXLA03,System-F152RAXLA02,1,EA
System-F151RD3AA01,System-F152RZWLA04,1,EA
System-F151RD3AA01,System-F171RD3AA01,1,EA
System-F151RD3BA02,System-F152RD3BA01,1,EA
System-F151RD3BA02,System-F164RD3BA01,1,EA
System-F151RD3BA02,System-F171RD3BA01,1,EA
System-F150RM7BA01,System-F151RM7BA01,1,EA
System-F150RM7TB01,System-F150RM7BA01,1,EA
System-F150RM7TC01,System-F150RM7LA01,1,EA
System-F150RZWAA09,System-F151RZWAA08,1,EA
System-F150RZWLA05,System-F151RZWLA04,1,EA
System-F150RZWMA04,System-F151RZWLA04,1,EA
System-F151BF1LA01,System-F152RAXLA02,1,EA
System-F151BFWAB02,System-F152BF1BB01,1,EA
System-F150RD3LA01,System-F151RD3LA03,1,EA
System-F150RD3LA01,System-F166RD3LA01,1,EA
System-F150RK6AA01,System-F151RK6AA01,1,EA
System-F150RK6AA01,System-F1B1RK6AA01,1,EA
System-F150RK6AC01,System-F151RK6AA01,1,EA
System-F150RK6AC01,System-F1B1RK6AC01,1,EA
System-F150RK6BA01,System-F151RD3BA02,1,EA
System-F150RK6LA01,System-F151RK6LA01,1,EA
System-F150RK6LA01,System-F1B1RK6LA03,1,EA
System-F150RK6LA02,System-F151RK6LA01,1,EA
System-F150RK6LA02,System-F1B1RK6LA03,1,EA
System-F150RK6LC01,System-F151RK6LA01,1,EA
System-F150RK6LC02,System-F151RK6LA01,1,EA
System-F849RD3AB03,System-F737RD3AA02,1,EA
System-F849RD3AB03,System-F738RD3AB03,1,EA
System-F849RD3BA02,System-F737RD3BA02,1,EA
System-F849RD3BA02,System-F738RD3AA03,1,EA
System-F849RD3BA03,System-F737RD3BA02,1,EA
System-F849RD3BA03,System-F738RD3AA03,1,EA
System-F849RD3BB02,System-F737RD3BA02,1,EA
System-F849RD3BB02,System-F738RD3AB03,1,EA
System-F849RD3BB03,System-F737RD3BA02,1,EA
System-F849RD3BB03,System-F738RD3AB03,1,EA
System-F849RD3AA02,System-F737RD3AA02,1,EA
System-F849RD3AA02,System-F738RD3AA03,1,EA
System-F777RD3AA02,System-LQD1RD3AA01,1,EA
System-F777RD3BA02,System-LQD1RD3BA01,1,EA
System-F777RD3LA02,System-LQB1RD3LA01,1,EA
System-R102RM7AA01,System-R103RM7AA01,1,EA
System-R102RMBAA01,System-R103RMBAA01,1,EA
System-F849RD3AA03,System-F737RD3AA02,1,EA
System-F849RD3AA03,System-F738RD3AA03,1,EA
System-F849RD3AB02,System-F737RD3AA02,1,EA
System-F849RD3AB02,System-F738RD3AB03,1,EA
System-F777RD3LB02,System-LQB1RD3LB01,1,EA
System-F760RZWLA03,System-F821RZWLE01,32,EA
System-F760RZWLB02,System-F821RZWLB01,35,EA
System-F776RD3MA01,System-F374RD3MA02,1,EA
System-F760QQ3AA02,System-F821QQVAE01,35,EA
System-F760QQVBB04,System-F821QQVAE01,35,EA
System-F760RAXAA01,System-F821RAXAE01,30,EA
System-F886RD3AA03,System-LQC1RD3AA01,1,EA
System-F886RD3AA03,System-PSC1RD3AA01,1,EA
System-F886RD3BA01,System-LQC1RD3BA01,1,EA
System-F886RD3BA01,System-PSC1RD3BA01,1,EA
System-F886RD3BA03,System-LQC1RD3BA01,1,EA
System-F886RD3BA03,System-PSC1RD3BA01,1,EA
System-F760RM7AB01,System-F821RM7AA01,56,EA
System-F760AKYAA12,System-F821KKXAE01,37,EA
System-F760BF1AA04,System-F821BFWAE01,42,EA
System-F760LP4AA01,System-F821LP4AA01,38,EA
System-F886RD3CA02,System-LQD1RD3CA01,1,EA
System-F859TC6LA01,System-F139TC6LA01,1,EA
System-F859TC6LA01,System-F777TC6LA01,1,EA
System-F859TC6LB02,System-F139TC6LB02,1,EA
System-F859TC6LB02,System-F777TC6LB01,1,EA
System-F859TC6AA01,System-F139TC6AA01,1,EA
System-F859TC6AA01,System-F777TC6AA01,1,EA
System-F859TC6BA01,System-F139TC6BA01,1,EA
System-F859TC6BA01,System-F777TC6BA01,1,EA
System-F760RM7AA01,System-F821RM7AA01,64,EA
System-F859TC6CA01,System-F139TC6CA01,1,EA
System-F859TC6CA01,System-F777TC6CA01,1,EA
System-F825TC6CA01,System-F372TC6CA01,1,EA
System-F825TC6CA02,System-F372TC6CA02,1,EA
System-F825TC6CA03,System-F372TC6CA03,1,EA
System-F825TC6LA01,System-F372TC6LA01,1,EA
System-F825TC6LA02,System-F372TC6LA02,1,EA
System-F825TC6LA03,System-F372TC6LA03,1,EA
System-F760LQ9QA02,System-F821LQ9QA01,51,EA
System-F760LQ9RA01,System-F821LQ9RA01,51,EA
System-F825RD3BA02,System-F372RD3BA02,1,EA
System-F825RD3CA01,System-F372RD3CA01,1,EA
System-F825RZWTA01,System-F372RZWTA01,1,EA
System-F825TC6AA01,System-F372TC6AA01,1,EA
System-F825TC6AA02,System-F372TC6AA02,1,EA
System-F825TC6AA03,System-F372TC6AA03,1,EA
System-R200RAXNB01,System-R202RAXNA02,1,EA
System-R200RF3CA04,System-R202RF3CA02,1,EA
System-LQAAYPBLA01,System-LQA1YPBLA02,1,EA
System-LQAAYPBLA01,System-LQA2YPBLA02,1,EA
System-F859RD3LA03,System-F139RD3LA04,1,EA
System-F859RD3LB02,System-F139RD3LB02,1,EA
System-F859RD3LB04,System-F139RD3LB02,1,EA
System-F825TC6BA01,System-F372TC6BA01,1,EA
System-F825TC6BA02,System-F372TC6BA02,1,EA
System-F825TC6BA03,System-F372TC6BA03,1,EA
System-R200GT7CA03,System-R202GT7NA01,1,EA
System-R200GT7NA01,System-R202GT7CA01,1,EA
System-R200GT7NA03,System-R202GT7NA01,1,EA
System-LQAATC6AA01,System-LQA1TC6AA01,1,EA
System-LQAATC6AA01,System-LQA2TC6AA01,1,EA
System-LQAATC6AA02,System-LQA1TC6AA01,1,EA
System-LQAATC6AA02,System-LQA2TC6AA02,1,EA
System-F859RD3LC03,System-F494RD3LC03,1,EA
System-F859RD3LD03,System-F494RD3LD03,1,EA
System-F859RD3BA02,System-F139RD3BA02,1,EA
System-F859RD3BA02,System-F777RD3BA02,1,EA
System-F825RD3AA02,System-F372RD3AA02,1,EA
System-F777TC6AA01,System-LQD1TC6AA01,1,EA
System-F777TC6CA01,System-LQD1TC6CA01,1,EA
System-F777TC6LA01,System-LQD1TC6LA01,1,EA
System-F777TC6LB01,System-LQD1TC6LB01,1,EA
System-R200KUAAA01,System-R202KUAAA01,1,EA
System-R200KUABA01,System-R202KUABA01,1,EA
System-R200KUADA01,System-R202KUADA01,1,EA
System-R200KUAEA01,System-R202KUAEA01,1,EA
System-R200LQ9RA01,System-R202LQ9RA01,1,EA
System-R120RK6NA04,System-R121RK6NA01,1,EA
System-R120RK6PA02,System-R121RK6PA01,1,EA
System-R120RK6SA02,System-R121RK6PA01,1,EA
System-R121RK6NA01,System-R704RK6NA02,9,EA
System-R121RK6PA01,System-R704RK6NA02,9,EA
System-LQAATC6BA02,System-LQA2TC6BA02,1,EA
System-LQAATC6CA01,System-LQA1TC6CA01,1,EA
System-LQAATC6CA01,System-LQA2TC6CA01,1,EA
System-LQAATC6CA02,System-LQA1TC6CA01,1,EA
System-LQAATC6CA02,System-LQA2TC6CA02,1,EA
System-LQAATC6LA01,System-LQA1TC6LA01,1,EA
System-LQAATC6LA01,System-LQA2TC6LA01,1,EA
System-LQAATC6LA02,System-LQA1TC6LA02,1,EA
System-LQAATC6LA02,System-LQA2TC6LA02,1,EA
System-F859RD3CA03,System-F139RD3AA02,1,EA
System-F859RD3AA01,System-F139RD3AA01,1,EA
System-F859RD3AA02,System-F139RD3AA02,1,EA
System-F859RD3AA02,System-F777RD3AA02,1,EA
System-R200GRACA01,System-R202GRACA01,1,EA
System-R200GT7CA01,System-R202GT7CA01,1,EA
System-F859RD3AA03,System-F139RD3AA02,1,EA
System-F859RD3AA03,System-F777RD3AA02,1,EA
System-F849TC6AA01,System-F737RD3AA02,1,EA
System-F849TC6AA01,System-F738TC6AA01,1,EA
System-F849TC6BA01,System-F737RD3BA02,1,EA
System-F849TC6BA01,System-F738TC6CA01,1,EA
System-F849TC6BA02,System-F737RD3BA02,1,EA
System-F849TC6BA02,System-F738TC6CA02,1,EA
System-F849TC6CA01,System-F737RD3AA02,1,EA
System-F849TC6CA01,System-F738TC6CA01,1,EA
System-F849TC6CA02,System-F737RD3AA02,1,EA
System-F849TC6CA02,System-F738TC6CA02,1,EA
System-F375TC6BA01,System-SCPATC6BA01,1,EA
System-F375TC6BA01,System-SPI1TC6BA01,1,EA
System-F375TC6BA01,System-SPI2TC6BA01,1,EA
System-F375TC6CA01,System-SPI1TC6CA01,1,EA
System-F375TC6CA01,System-SPI2TC6CA01,1,EA
System-F375TC6CA02,System-SCPATC6CA01,1,EA
System-F375TC6CA02,System-SPI1TC6CA01,1,EA
System-F375TC6CA02,System-SPI2TC6CA01,1,EA
System-F374RAXLA06,System-DCN1RAXLA01,1,MR
System-F374RAXLA06,System-DCP1RAXLA01,1,MR
System-F374RAXMA06,System-DCN1RAXMA01,1,MR
System-F374RAXMA06,System-DCP1RAXMA01,1,MR
System-F374RD3AA01,System-DCN1RD3AA01,1,EA
System-F374RD3AA01,System-DCP1RD3AA01,1,EA
System-F494RD3LC03,System-LQB1RD3LC01,1,EA
System-F494RD3LC03,System-PSU1RD3LC01,1,M
System-F375TC6AA02,System-SCPATC6AA01,1,EA
System-F374LPCXA01,System-DCP1LPCXA01,1,EA
System-F494RD3AA04,System-LQB1RD3AA01,1,EA
System-F494RD3AA04,System-LQB2RD3AA01,1,EA
System-F494RD3AA04,System-PSB1RD3AA01,1,EA
System-F494RD3AB04,System-LQB1RD3AB01,1,EA
System-F375TC6AA02,System-SPI1TC6AA01,1,EA
System-F375TC6AA02,System-SPI2TC6AA01,1,EA
System-F375RD3MA01,System-SCP1RD3MA01,1,EA
System-F375RD3MA01,System-SCP2RD3MA01,1,EA
System-F375RD3MA01,System-SPI1RD3MA01,1,EA
System-F375RD3MA01,System-SPI2RD3MA01,1,EA
System-F372YPBLA02,System-LQAAYPBLA01,1,EA
System-F494RD3AB04,System-LQB2RD3AB01,1,EA
System-F494RD3AB04,System-PSB1RD3AB01,1,EA
System-F475RAXAA05,System-LQC1RAXAA01,1,MR
System-F375RD3LA06,System-SPI1RD3LA01,1,EA
System-F375RD3LA06,System-SPI2RD3LA01,1,EA
System-F375RD3LA08,System-SCP1RD3LA01,1,EA
System-F375RD3LA08,System-SCP2RD3LA01,1,EA
System-F375RD3LA08,System-SPI1RD3LA01,1,EA
System-F375RD3LA08,System-SPI2RD3LA01,1,EA
System-F375RD3LA09,System-SCPARD3LA01,1,EA
System-F375RD3LA09,System-SPI1RD3LA01,1,EA
System-F375RD3LA09,System-SPI2RD3LA01,1,EA
System-F372TIBLB01,System-LQA1TIBLB01,1,EA
System-F372TIBLC01,System-LQA1TIBLC01,1,EA
System-F200SP9AA01,System-F140SP9AA01,1,EA
System-F202LQ9SA01,System-F203LQ9SA01,1,EA
System-F202LQ9SA01,System-F204LQ9SA01,1,EA
System-F202LQ9TA01,System-F203LQ9TA01,1,EA
System-F202LQ9TA01,System-F204LQ9TA01,1,EA
System-F454TC6AA01,System-F375TC6AA02,1,EA
System-F454TC6BA01,System-F375TC6BA01,1,EA
System-F454TC6CA01,System-F375TC6CA01,1,EA
System-F454TC6CA02,System-F375TC6CA02,1,EA
System-F375RD3LA03,System-SCP1RD3LA01,1,EA
System-F375RD3LA03,System-SCP2RD3LA01,1,EA
System-F375RD3LA03,System-SPI1RD3LA01,1,EA
System-F375RD3LA03,System-SPI2RD3LA01,1,EA
System-F372TC6LA02,System-LQA3TC6LA01,1,EA
System-F372TC6LA02,System-LQAATC6LA02,1,EA
System-F372TC6LA03,System-LQA3TC6LA01,1,EA
System-F372TC6LA03,System-LQAATC6LA02,1,EA
System-F372TIBLA01,System-LQA1TIBLA01,1,EA
System-F200RZWLB07,System-F140RZWLB01,1,EA
System-F375RD3LA06,System-SCP1RD3LA01,1,EA
System-F375RD3LA06,System-SCP2RD3LA01,1,EA
System-F375RD3BA02,System-SCPARD3BA01,1,EA
System-F375RD3BA02,System-SPI1RD3BA01,1,EA
System-F375RD3BA02,System-SPI2RD3BA01,1,EA
System-F375RD3CA01,System-SPI2RD3CA01,1,EA
System-F375RD3CA02,System-SPI2RD3CA01,1,EA
System-F372TC6BA03,System-LQA3TC6BA02,1,EA
System-F372TC6BA03,System-LQAATC6BA02,1,EA
System-F372TC6CA01,System-LQA3TC6CA01,1,EA
System-F372TC6CA01,System-LQAATC6CA01,1,EA
System-F372TC6CA02,System-LQA3TC6CA02,1,EA
System-F372TC6CA02,System-LQAATC6CA02,1,EA
System-F372TC6CA03,System-LQA3TC6CA02,1,EA
System-F372TC6CA03,System-LQAATC6CA02,1,EA
System-F200RZWLB04,System-F140RZWLA02,1,EA
System-F200RM7AA02,System-F140RM7AA01,1,EA
System-F375RD3AA01,System-SCP1RD3AA01,1,EA
System-F375RD3AA01,System-SCP2RD3AA01,1,EA
System-F375RD3AA01,System-SPI1RD3AA01,1,EA
System-F375RD3AA01,System-SPI2RD3AA01,1,EA
System-F375RD3AA03,System-SPI1RD3AA01,1,EA
System-F375RD3AA03,System-SPI2RD3AA01,1,EA
System-F375RD3BA01,System-SCP1RD3BA01,1,EA
System-F375RD3BA01,System-SCP2RD3BA01,1,EA
System-F375RD3BA01,System-SPI1RD3BA01,1,EA
System-F375RD3BA01,System-SPI2RD3BA01,1,EA
System-F372TC6LA01,System-LQA3TC6LA01,1,EA
System-F372TC6LA01,System-LQAATC6LA01,1,EA
System-F372TC6AA02,System-LQA3TC6AA02,1,EA
System-F372TC6AA02,System-LQAATC6AA02,1,EA
System-F372TC6AA03,System-LQA3TC6AA02,1,EA
System-F372TC6AA03,System-LQAATC6AA02,1,EA
System-F372TC6BA01,System-LQAATC6BA01,1,EA
System-F200RM7AB01,System-F140RM7AB01,1,EA
System-F200RM7AB02,System-F140RM7AB01,1,EA
System-F200RZWLA11,System-F140RZWLA02,1,EA
System-F200RZWLA14,System-F140RZWLB01,1,EA
System-F375RAXLA05,System-SCP1RAXLA01,1,EA
System-F375RAXLA05,System-SPI1RAXLA01,1,EA
System-F375RAXMA06,System-SCP1RAXMA01,1,EA
System-F375RAXMA06,System-SPI1RAXMA01,1,EA
System-F372TC6BA02,System-LQA3TC6BA02,1,EA
System-F372TC6BA02,System-LQAATC6BA02,1,EA
System-F200LQ9QA02,System-F140LQ9QA01,1,EA
System-F200LQ9QA03,System-F140LQ9QA02,1,EA
System-F200LQ9RA02,System-F140LQ9RA01,1,EA
System-F200LQBQA01,System-F140LQ9QA02,1,EA
System-F200LQCTA01,System-F140LQCTA01,1,EA
System-F454RD3AA01,System-F375RD3AA03,1,EA
System-F454RD3BA01,System-F375RD3BA02,1,EA
System-F375LPCXC01,System-SCPALPCXC02,1,EA
System-F375LPCXC01,System-SPIALPCXC02,1,EA
System-F375LPCXC02,System-SCPALPCXC02,1,EA
System-F375LPCXC02,System-SPIALPCXC02,1,EA
System-F375LPCXD01,System-SCPALPCXD02,1,EA
System-F372RZWTA01,System-LQA1RZWTA01,1,EA
System-F372RAXLA04,System-LQA1RAXLA01,1,MR
System-F372RD3AA02,System-LQA1RD3AA01,1,EA
System-F372RD3AA02,System-LQA2RD3AA01,1,EA
System-F372RD3BA02,System-LQA1RD3BA01,1,EA
System-F372RD3BA02,System-LQA2RD3AA01,1,EA
System-F200LYALA02,System-F140LYALA02,1,EA
System-F200QQVBB05,System-F760QQVBB04,1,EA
System-F200RAXAA04,System-F140RAXAA04,1,EA
System-F200RM7AA01,System-F140RM7AA01,1,EA
System-F200LP4AA01,System-F140LP4AA01,1,EA
System-F375LPCXB02,System-SCPALPCXB02,1,EA
System-F371YPBLA02,System-LQAAYPBLA01,1,EA
System-F738TC6AA01,System-F494TC6AA01,1,EA
System-F500LUAAA01,System-F5A3LUAAA01,1,EA
System-F500LUASA01,System-F5A3LUASA01,1,EA
System-F500LYALA02,System-F5A3LYALA01,1,EA
System-F371RAXAA06,System-LQB1RAXAA01,1,MR
System-F500LYALA03,System-F5A3LYALA02,1,EA
System-F500LF4CA01,System-F5A3LF4CA01,1,EA
System-F500LF4CB01,System-F5A3LF4CB01,1,EA
System-F500LS5AA02,System-F5A3LS5AA01,1,EA
System-F390RAXAA03,System-PSU1RAXAA01,1,MR
System-F390RAXLA06,System-PSU1RAXLA01,1,EA
System-F444TC6BA01,System-F374TC6BA01,1,EA
System-F374TIBLB01,System-DCN1TIBLB01,1,EA
System-F374TIBLB01,System-DCP1TIBLB01,1,EA
System-F371RAXLA05,System-LQB1RAXLA01,1,MR
System-F500LS5SA02,System-F5A3LS5SA02,1,EA
System-F500JX7SA05,System-F5A3JX7SA01,1,EA
System-F500LF4AA01,System-F5A3LF4AA01,1,EA
System-F374TE7AA01,System-DCN1TE7AA01,1,EA
System-F374TE7AA01,System-DCP1TE7AA01,1,EA
System-F374TE7AA02,System-DCN1TE7AA02,1,EA
System-F374TE7AA02,System-DCP1TE7AA02,1,EA
System-F374TE7LA01,System-DCN1TE7LA01,1,EA
System-F374TE7LA01,System-DCP1TE7LA01,1,EA
System-F374TE7LA02,System-DCN1TE7LA02,1,EA
System-F374TE7LA02,System-DCP1TE7LA02,1,EA
System-F374TIBLA01,System-DCN1TIBLA01,1,EA
System-F374TIBLA01,System-DCP1TIBLA01,1,EA
System-F500LF4BA01,System-F5A3LF4BA01,1,EA
System-F500DEYTB01,System-F5A3DEYTB01,1,EA
System-F500JQYCA01,System-F5A3JQYCA01,1,EA
System-F500JQYDA01,System-F5A3JQYDA01,1,EA
System-F500JX7SA01,System-F5A3JX7SA01,1,EA
System-F374TC6BA01,System-DCN1TC6BA01,1,EA
System-F374TC6BA01,System-DCP1TC6BA01,1,EA
System-F374TC6CA01,System-DCN1TC6CA01,1,EA
System-F374TC6CA01,System-DCP1TC6CA01,1,EA
System-F374TC6LA01,System-DCN1TC6LA01,1,EA
System-F374TC6LA01,System-DCP1TC6LA01,1,EA
System-F374TC6LB02,System-DCN1TC6LB02,1,EA
System-F374TC6LB02,System-DCP1TC6LB02,1,EA
System-F500BFWAB07,System-F5A3BFWAB03,1,EA
System-F500BFWAB08,System-F5A3BFWAB03,1,EA
System-F500DEYTA01,System-F5A3DEYTA01,1,EA
System-F374RD3MA01,System-DCN1RD3MA01,1,EA
System-F374RD3MA01,System-DCP1RD3MA01,1,EA
System-F374RD3MA02,System-DCN1RD3MA01,1,EA
System-F374RD3MA02,System-DCP1RD3MA01,1,EA
System-F4A9LPCSX01,System-LCNLPCSX02,1,EA
System-F500BBWAB09,System-F5A3BBWAB09,1,EA
System-F375TIBLA01,System-SPI1TIBLA01,1,EA
System-F375TIBLB01,System-SCP1TIBLB01,1,EA
System-F375TIBLB01,System-SPI1TIBLB01,1,EA
System-F374RD3AA03,System-DCN1RD3AA01,1,EA
System-F374RD3AA03,System-DCP1RD3AA01,1,EA
System-F374RD3LA02,System-DCN1RD3LA01,1,EA
System-F374RD3LA02,System-DCP1RD3LA01,1,M
System-F374RD3LA03,System-DCN1RD3LA01,1,EA
System-F374RD3LA03,System-DCP1RD3LA01,1,M
System-F494RD3LD03,System-LQB1RD3LD01,1,EA
System-F494RD3LD03,System-PSU1RD3LD01,1,M
System-F494TC6AA01,System-LQB1TC6AA01,1,EA
System-F494TC6AA01,System-PSB1TC6AA01,1,EA
System-F494TC6CA01,System-LQB1TC6CA01,1,EA
System-F494TC6CA01,System-PSB1TC6CA01,1,EA
System-F494TC6CA02,System-LQB1TC6CA02,1,EA
System-F494TC6CA02,System-PSB1TC6CA02,1,EA
System-F859RD3LA02,System-F139RD3LA02,1,EA
System-F859RD3LA02,System-F777RD3LA02,1,EA
System-TA20LYATA03,System-TA21LYATA02,1,EA
System-TA20LYATA03,System-TA22LYATB01,1,EA
System-TA20LYATB02,System-TA21LYATB01,1,EA
System-TA20LYATB02,System-TA22LYATA01,1,EA
System-TA20LYATC02,System-TA22LYATB01,1,EA
System-TA20LYATD02,System-TA22LYATB01,1,EA
System-TA20LYATE02,System-TA22LYATB01,1,EA
System-TA20LYATF02,System-TA21LYATB01,1,EA
System-TA20LYATF02,System-TA22LYATA01,1,EA
System-R2A4LYANA04,System-R202LYANA01,1,EA
System-R2A4LYACA04,System-R202LYACA01,1,EA
System-R2A4LYAPA04,System-R202LYAQA01,1,EA
System-R2A4LYAFA04,System-R202LYADA01,1,EA
System-R2A4LYAEA04,System-R202LYADA01,1,EA
System-R200RD3CA02,System-R202RZWCA02,1,EA
System-R200RZWCA05,System-R202RZWCA02,1,EA
System-R200RZWGA02,System-R202RZWNA02,1,EA
System-R200RZWEA07,System-R202RZWPA02,1,EA
System-R200RZWFA05,System-R202RZWFA01,1,EA
System-R200RZWFB01,System-R202RZWFA01,1,EA
System-R200RZWNA06,System-R202RZWNA02,1,EA
System-R200RZWNB01,System-R202RZWNA02,1,EA
System-R200RZWPA08,System-R202RZWPA02,1,EA
System-R700RZWAA03,System-R700RZWAA03,1,EA
System-R700LYAAA01,System-R701LYAAA01,1,EA
System-R700LYABA01,System-R701LYABA01,1,EA
System-R750LYAAX01,System-R701LYAAA01,1,EA
System-R750LYABX01,System-R701LYABA01,1,EA
System-R750TF9AA02,System-R750TF9AA02,1,EA
System-R750TG6AA10,System-R750TG6AA10,1,EA
System-R750TG6BA10,System-R750TG6AA10,1,EA
System-R750TG8AA03,System-R750TG8AA03,1,EA
System-R750TG9CA03,System-R750TG9CA03,1,EA
System-R750TGAAB01,System-R750TGAAB01,1,EA
System-R750TGAAB03,System-R750TGAAB03,1,EA
System-R750TGABA01,System-R750TGABA01,1,EA
System-R750TGBBA01,System-R750TGBBA01,1,EA
System-R750TGAAA03,System-R750TGAAA03,1,EA
System-R750TGCAA03,System-R750TGCAA03,1,EA
System-D417LYAAA01,System-D417LYAAA01,1,EA
System-D250LYALA01,System-D417LYAAA01,1,EA
System-A152BBJAB01,System-A152BBJAB01,1,EA
System-A152BBJLB01,System-A152BBJLB01,1,EA
System-A152CCKAB01,System-A152CCKAB01,1,EA
System-A152CCKLB01,System-A152CCKLB01,1,EA
System-A152GGNAB01,System-A152GGNAB01,1,EA
System-A152GGSAA17,System-A152GGSAA17,1,EA
System-A152QAVAA04,System-A152QAVAA04,1,EA
System-A152QBVAB01,System-A152QBVAB01,1,EA
System-A152TF5AA01,System-A152TF5AA01,1,EA
System-A152TF5AB01,System-A152TF5AB01,1,EA
System-A152TF5AD01,System-A152TF5AD01,1,EA
System-F152TF5AA01,System-F152TF5AA01,1,EA
System-F152TF5AA02,System-F152TF5AA02,1,EA
System-C800RZWLA04,System-C301RZWLA01,1,EA
System-C800RZWLA04,System-C365RZWLA01,1,EA
System-C800RZWLB05,System-C302RZWLA06,1,EA
System-F152TF5AB02,System-F152TF5AB02,1,EA
System-F152TF5AC01,System-F152TF5AC01,1,EA
System-F152TF5AD01,System-F152TF5AD01,1,EA
System-F152TF5AD02,System-F152TF5AD02,1,EA
System-F152TF5AE01,System-F152TF5AE01,1,EA
System-F152TF5AF01,System-F152TF5AF01,1,EA
System-F152TF5AI01,System-F152TF5AI01,1,EA
System-F152TF5AJ01,System-F152TF5AJ01,1,EA
System-F152TF5BA01,System-F152TF5BA01,1,EA
System-F152TF5BB01,System-F152TF5BB01,1,EA
System-F152TF5BC01,System-F152TF5BC01,1,EA
System-F152TF5BD01,System-F152TF5BD01,1,EA
System-F152TF5BE01,System-F152TF5BE01,1,EA
System-F152TF5BF01,System-F152TF5BF01,1,EA
System-F152TF5BG01,System-F152TF5BG01,1,EA
System-F152TF5BH01,System-F152TF5BH01,1,EA
System-F152TF5BI01,System-F152TF5BI01,1,EA
System-F152TF5CA01,System-F152TF5CA01,1,EA
System-F152TF5CB01,System-F152TF5CB01,1,EA
System-F152TF6AA01,System-F152TF6AA01,1,EA
System-F152TF7AE01,System-F152TF7AE01,1,EA
System-F152EA4AA02,System-F152EA4AA02,1,EA
System-F152EA4RA02,System-F152EA4RA02,1,EA
System-F152HHXAB02,System-F152HHXAB02,1,EA
System-F152KBXAA04,System-F152KBXAA04,1,EA
System-F152QQVAA09,System-F152QQVAA09,1,EA
System-F152ACWLA04,System-F152ACWLA04,1,EA
System-F152AKYAA10,System-F152AKYAA10,1,EA
System-F152BBWAA05,System-F152BBWAA05,1,EA
System-F152BBWLA05,System-F152BBWLA05,1,EA
System-F152DC4AA01,System-F152DC4AA01,1,EA
System-F152LYALA01,System-F152LYALA02,1,EA
System-F150LYALA01,System-F152LYALA02,1,EA
System-F152GGXAA05,System-F152GGXAA05,1,EA
System-F152KF2AA06,System-F152KF2AA06,1,EA
System-F152RZWLA04,System-F152RZWLA04,1,EA
System-F152RAXLA02,System-F152RAXLA02,1,EA
System-F152RD3TB01,System-F152RD3TB01,1,EA
System-F152RD3TC01,System-F152RD3TC01,1,EA
System-F717RK6BA01,System-F152RD3BA01,1,EA
System-F717RM7BA03,System-F152RD3BA01,1,EA
System-F124RM7LE02,System-F152RM7LA01,1,EA
System-F124RM7LF02,System-F152RM7LA01,1,EA
System-F200LQDRA04,System-F140LQDRA04,1,EA
System-F200RZWLA17,System-F140RZWLB03,1,EA
System-F200RZWLB10,System-F140RZWLB03,1,EA
System-C800RZWAA04,System-C301RZWLA01,1,EA
System-C800RZWAA04,System-C365RZWLA01,1,EA
System-C800RZWAB05,System-C302RZWLA06,1,EA
System-F124LPCTA04,System-D250LPCSX01,1,EA
System-F124LPCTA04,System-D250LPCTX01,1,EA
System-F124LPCTA04,System-F153LPCTX01,1,EA
System-F124LPCTB04,System-D250LPCTX01,1,EA
System-F124LPCTB04,System-F153LPCTX01,1,EA
System-F124LPCUB03,System-D250LPCTX01,1,EA
System-F124LPCUB03,System-F153LPCTX01,1,EA
System-C800RD3LB02,System-C302RZWLA06,1,EA
System-C800RD3LB02,System-C365RD3LB01,1,EA
System-C800RD3MA01,System-C302RD3MA02,1,EA
System-C800RD3MA01,System-C365RD3MA01,1,EA
System-C800RD3MA02,System-C301RD3MA01,1,EA
System-C800RD3MA02,System-C365RD3MA01,1,EA
System-F152LP4AA01,System-F156AKYAB01,23,EA
System-C800RD3LA01,System-C302RZWLA06,1,EA
System-C800RD3LB01,System-C302RZWLA06,1,EA
System-C800RD3LB01,System-C365RD3LB01,1,EA
System-C800RD3AA01,System-C302RZWLA06,1,EA
System-C800RD3AB01,System-C302RZWLA06,1,EA
System-C800RD3AB01,System-C365RD3LB01,1,EA
System-C365RZWLA01,System-C322RZWLA04,1,EA
System-C365RZWMA02,System-C322RZWMA03,1,EA
System-C365RZWMB01,System-C322RZWMB01,1,EA
System-C301RD3MA01,System-C302RD3MA02,1,EA
System-C301RZWLA01,System-C302RZWLA06,1,EA
System-B100RD3LA01,System-B119RD3LA01,1,EA
System-B100RD3LA02,System-B119RD3LA01,1,EA
System-D100RZWAA12,System-D250RZWAA05,1,EA
System-D100RZWAB09,System-D102RZWAA03,1,EA
System-D100RZWAB10,System-D102RZWAA03,1,EA
System-A143CCKAB01,System-A156BBJAB01,1,EA
System-A152AZPBB01,System-A143BBJAB01,1,EA
System-A152AZPBB01,System-A143CCKAB01,1,EA
System-A152AZPBB01,System-A156BBJAB01,17,EA
System-A152AZPBD01,System-A143BBJAB01,1,EA
System-A152AZPBD01,System-A143CCKAB01,1,EA
System-A152AZPBD01,System-A156BBJAB01,17,EA
System-A152BBJAB01,System-A143BBJAB01,1,EA
System-A152BBJAB01,System-A143CCKAB01,1,EA
System-A152BBJAB01,System-A156BBJAB01,16,EA
System-A152BBJLB01,System-A143BBJAB01,1,EA
System-A152BBJLB01,System-A143CCKAB01,1,EA
System-A152BBJLB01,System-A156BBJAB01,16,EA
System-A152CCKAB01,System-A143BBJAB01,1,EA
System-A152CCKAB01,System-A143CCKAB01,1,EA
System-A152CCKAB01,System-A156BBJAB01,18,EA
System-A143BBJAB01,System-A156BBJAB01,1,EA
System-A152CCKLB01,System-A143BBJAB01,1,EA
System-A152CCKLB01,System-A143CCKAB01,1,EA
System-D100RZWAA11,System-D102RZWAA03,1,EA
System-D100RZWAA11,System-D250RZWAA05,1,EA
System-D100RZWAA12,System-D102RZWAA03,1,EA
System-A152CCKLB01,System-A156BBJAB01,16,EA
System-A152CCTAA01,System-A152CCKAB01,1,EA
System-A152GGNAB01,System-A143BBJAB01,1,EA
System-A152GGNAB01,System-A143CCKAB01,1,EA
System-A152GGNAB01,System-A156BBJAB01,17,EA
System-A152GGNGB01,System-A143BBJAB01,1,EA
System-A152GGNGB01,System-A143CCKAB01,1,EA
System-A152GGNGB01,System-A156BBJAB01,6,EA
System-A152GGSAA17,System-A153KBXAA02,4,EA
System-A152GGSAA17,System-A154KBXAA02,29,EA
System-A152GGSAA17,System-A155KBXBB01,1,EA
System-A152GGSAA17,System-A156KBXAB02,19,EA
System-A152GGSAA17,System-A771KBXAA01,2,EA
System-A152QAVAA04,System-A153KBXAA02,4,EA
System-A152QAVAA04,System-A154KBXAA02,27,EA
System-A152QAVAA04,System-A155KBXBB01,1,EA
System-A152QAVAA04,System-A156KBXAB02,18,EA
System-A152QAVAA04,System-A771KBXAA01,2,EA
System-A152QBVAB01,System-A143BBJAB01,1,EA
System-A152QBVAB01,System-A143CCKAB01,1,EA
System-A152QBVAB01,System-A156BBJAB01,18,EA
System-A152TF5AA01,System-A156BBJAB01,15,EA
System-A152TF5AB01,System-A143BBJAB01,1,EA
System-A152TF5AB01,System-A143CCKAB01,1,EA
System-A152TF5AB01,System-A156BBJAB01,15,EA
System-A152TF5AC01,System-A143BBJAB01,1,EA
System-A152TF5AC01,System-A143CCKAB01,1,EA
System-A152TF5AC01,System-A156BBJAB01,17,EA
System-A152TF5AD01,System-A143BBJAB01,1,EA
System-A152TF5AD01,System-A143CCKAB01,1,EA
System-A152TF5AD01,System-A156BBJAB01,18,EA
System-D100RK6AA02,System-D250RK6AA01,1,EA
System-C800RZWMB01,System-C365RZWMB01,1,EA
System-C800RZWLB06,System-C302RZWLA06,1,EA
System-C800RZWMA03,System-C302RZWMA05,1,EA
System-C800RZWMA03,System-C365RZWMA02,1,EA
System-C800RZWMB01,System-C302RZWMB01,1,EA
System-F374YPBLA01,System-DCPYPBLA02,1,EA
System-F374YPBLA02,System-DCNYPBLA02,1,EA
System-F374YPBLA01,System-DCNYPBLA02,1,EA
System-F374YPBLA02,System-DCPYPBLA02,1,EA
System-F374YPBLB01,System-DCPYPBLB02,1,EA
System-F374YPBLB02,System-DCPYPBLB02,1,EA
System-F375YPBLA02,System-SCPYPBLA02,1,EA
System-F375YPBLA02,System-SPIYPBLA02,1,EA
System-F375YPBLA03,System-SCPYPBLA02,1,EA
System-F375YPBLA03,System-SPIYPBLA02,1,EA
System-F738TC6CA01,System-F494TC6CA01,1,EA
System-F738TC6CA02,System-F494TC6CA02,1,EA
System-F742LP4AA01,System-COI1LP4AA01,1,EA
System-F738RD3AA03,System-F494RD3AA04,1,EA
System-F738RD3AB03,System-F494RD3AB04,1,EA
System-F737RD3AA02,System-F886RD3AA03,1,EA
System-F737RD3BA01,System-F886RD3BA01,1,EA
System-F737RD3BA02,System-F886RD3BA03,1,EA
System-F737RD3CA02,System-F886RD3CA02,1,EA
System-F737RD3CA03,System-F886RD3CA02,1,EA