OPERATION_ID,USER_ID
System-6PAPC,v07016
System-6PAPD,t97042
System-6PAPD,v12013
System-6PAPD,v12018
System-6PAPD,v12019
System-6PAPD,v12023
System-6PAPD,z12120
System-6PAPD,z12146
System-6PAPD,z12164
System-6PAPD,z12176
System-6PAPD,z12205
System-6PAPD,z12228
System-6PAPD,z12315
System-6PAPD,z12325
System-6PAPD,z12336
System-6PAPD,z12374
System-6PAPD,z12430
System-6PAPD,z12512
System-6PAPD,z13015
System-6PAPD,z13032
System-6PAPD,z13059
System-6PAPD,z13069
System-6PAPD,z13072
System-6PAPD,z13071
System-6PAPD,z13075
System-6PAQA,v00044
System-6PAQB,t97038
System-6PAQB,v01004
System-6PAQB,z12196
System-6PAQB,z12353
System-6PAQB,z12357
System-6PAQB,z12525
System-6PARA,z13014
System-6PARA,z13030
System-6PARC,v05046
System-6PARC,v05073
System-6PARC,v12017
System-6PARC,z12513
System-6PARC,z12544
System-6PARC,z13048
System-6PARE,z12302
System-6PARH,z12133
System-6PARI,t99013
System-6PARI,t99055
System-6PARI,t99059
System-6PARI,v05043
System-6PARI,v05076
System-6PARI,v10007
System-6PARI,z11102
System-6PARI,z12012
System-6PARI,z12023
System-6PARI,z12172
System-6PARI,z12210
System-6PARI,z12529
System-6PARK,v05070
System-6PASA,v00052
System-6PASA,t99016
System-6PASA,v00042
System-6PASA,v00044
System-6PASA,v04038
System-6PASA,v05030
System-6PASA,z12239
System-6PASA,z12303
System-6PASA,z12527
System-6PASA,z13077
System-6PASA,z13086
System-6PASA,z13145
System-6PASB,v05066
System-6PASB,z12142
System-6PASB,z12253
System-6PASB,z12290
System-6PASB,z12404
System-6PASC,v05033
System-6PASC,z11027
System-6PASC,z12025
System-6PASC,z12131
System-6PASC,z12132
System-6PASC,z12299
System-6PASC,z12463
System-6PASC,z13017
System-6PASC,z13078
System-6PATA,t98019
System-6PATA,t99010
System-6PATA,v05082
System-6PATA,v04017
System-6PAUA,v00073
System-6PAUB,t99007
System-6PAUC,t99015
System-6PAUD,t97041
System-6PAUF,v04043
System-6PAUF,v05064
System-6PAUF,v12042
System-6PAUF,z12384
System-6PAUF,z12433
System-6PAUF,z12575
System-6PAUF,z13006
System-6PAUF,z13051
System-6PAUF,z13137
System-6PAUJ,v03019
System-6PAUJ,z12288
System-6PAUJ,z12381
System-6PAUK,v00036
System-6PAUK,t98018
System-6PAUK,v00029
System-6PAUK,v04037
System-6PAUK,v05027
System-6PAUK,v05071
System-6PAUK,v12021
System-6PAUK,z12063
System-6PAUK,z12104
System-6PAUK,z12147
System-6PAUK,z12178
System-6PAUK,z12195
System-6PAUK,z12251
System-6PAUK,z12252
System-6PAUK,z12258
System-6PAUK,z12282
System-6PAUK,z12284
System-6PAUK,z12301
System-6PAUK,z13013
System-6PAUK,z13073
System-6PAUL,t99006
System-6PAUL,z12526
System-6PAUM,t99003
System-6PAUM,z12017
System-6PAUM,v00022
System-6PAUM,z12483
System-6PAWA,v07018
System-6PAWE,z12156
System-6PAWF,z12233
System-6PAWF,z12450
System-6PAWG,v05044
System-6PAWI,v03020
System-6PAWI,z12311
System-6PAWI,z12373
System-6PAWJ,v00028
System-6PAWJ,v05078
System-6PAWJ,z12089
System-6PAWJ,z12090
System-6CAKA,t99060
System-6CAKA,v02012
System-6CAKA,v04035
System-6CAKA,v04064
System-6CAKA,v05068
System-6CAKA,v05088
System-6CAKA,v07020
System-6CAKA,v12030
System-6CAKA,z11092
System-6CAKA,z12091
System-6CAKA,z12138
System-6CAKA,z12549
System-6CAMA,v00050
System-6CAMA,v03046
System-6CAMA,v04043
System-6CAMA,v06032
System-6CAMA,v12028
System-6CAMA,v12041
System-6CAMA,z11047
System-6CAMA,z12077
System-6CAMA,z12109
System-6CAMA,z12186
System-6CAMA,z12202
System-6CAMA,z12260
System-6CAMA,z12273
System-6CAMA,z12276
System-6CAMA,z12379
System-6CAMA,z12515
System-6CAMA,z12531
System-6CAMA,z12569
System-6CAMA,z12576
System-6CAMA,z13035
System-6CAMA,z13037
System-6CAMA,z13064
System-6CAMA,z13065
System-6CAMA,z13079
System-6CAMA,z13081
System-6CAMA,z13110
System-6CAMA,v03030
System-6CAMA,v12033
System-6CAMA,z11122
System-6CAMA,z12078
System-6CAMA,z12079
System-6CAMA,z12224
System-6CAMA,z12268
System-6CAMA,z12269
System-6CAMA,z12271
System-6CAMA,z12275
System-6CAMA,z12293
System-6CAMA,z12295
System-6CAMA,z12297
System-6CAMA,z12355
System-6CAMA,z12380
System-6CAMA,z12383
System-6CAMA,z12385
System-6CAMA,z12465
System-6CAMA,z12574
System-6CAMA,z13004
System-6CAMA,z13008
System-6CAMA,z13009
System-6CAMA,z13054
System-6CAMA,z13111
System-6CAMA,z13112
System-6CAMA,z13130
System-6CAMA,z13131
System-6CAMA,z13132
System-6CAMA,v12032
System-6PAKA,v00016
System-6PAKA,v04059
System-6PAKA,v05026
System-6PAKA,v05032
System-6PAKA,v10008
System-6PAKA,z12358
System-6PALA,v02013
System-6PALA,v05041
System-6PALA,v05051
System-6PALA,v05052
System-6PALA,z13070
System-6PALA,z12528
System-6PAMA,v00065
System-6PAMA,v01002
System-6PAMA,v03015
System-6PAMA,v04036
System-6PAMA,v05062
System-6PAMA,v05090
System-6PAMA,v12031
System-6PAMA,z11107
System-6PAMA,z12213
System-6PAMA,z12261
System-6PAMA,z12314
System-6PAMA,v04057
System-6PAMA,v05074
System-6PAMB,v00058
System-6PAMC,z12454
System-6PANC,t98036
System-6PANC,v00041
System-6PANC,v04041
System-6PANC,v05028
System-6PANC,v05049
System-6PANC,v05050
System-6PANC,v05059
System-6PANC,v05084
System-6PANC,v12015
System-6PANC,v12026
System-6PANC,z12177
System-6PANC,z12214
System-6PANC,z12482
System-6PANC,z12535
System-6PANC,z12536
System-6PANC,z13010
System-6PANC,z13034
System-6PANC,z13061
System-6PAPB,t99069
System-6PAPB,v03042
System-6PAPB,v10009
System-6PAPB,v12016
System-6PAPB,v12022
System-6PAPB,z12011
System-6PAPB,z12044
System-6PAPB,z12061
System-6PAPB,z12108
System-6PAPB,z12125
System-6PAPB,z12285
System-6PAPB,z12286
System-6PAPB,z12418
System-6PAPB,z12429
System-6PAPB,z12561
System-6PAPB,z13011
System-6PAPB,z13012
System-6PAPB,z13120
System-6PAPB,z13135
System-6PAPC,t98010
System-6PAWJ,z12123
System-6PAWJ,z12476
System-6PAWJ,z12565
System-6PAWK,v12024
System-6PAWL,z12028
System-6PAWL,z12457
System-6PAWL,z12473
System-6PAWL,z13002
System-6PAWL,z13003
System-6PAWL,z13050
System-6PAWL,z13083
System-6PAWM,t99011
System-6PAWN,z12532
System-6PAWN,z12232
System-6PAPD,v13010
System-6PAWO,z12500
System-6PAWO,z12518
System-6PAWO,z12568
System-6PAWO,z13007
System-6PAWO,z13026
System-6PAWO,z13043
System-6PAWO,z13063
System-6PAWO,z13082
System-6PAPD,v13011
System-6PAWP,t99019
System-6PAWP,z12137
System-6PAWP,z12489
System-6PAWP,z13038
System-6PAWP,v12027
System-6PAWP,v12025
System-6PAWQ,t98009
System-6PAWQ,v00024
System-6PAWQ,v12036
System-6PAWQ,z10019
System-6PAWQ,z12037
System-6PAWQ,z12097
System-6PAWQ,z12157
System-6PAWQ,z12242
System-6PAWQ,z12267
System-6PAWQ,z12416
System-6PAWQ,z12425
System-6PAWQ,z12478
System-6PAWQ,z12499
System-6PAWQ,z12503
System-6PAWQ,z12504
System-6PAWQ,z12580
System-6PAWQ,z13001
System-6PAWO,z12036
System-6PAPD,v13023
System-6PARI,v13019
System-6PASA,v13012
System-6PASB,v13015
System-6PASC,v13014
System-6PASD,v13024
System-6PAUK,v13020
System-6PAUL,v13028
System-6PAKA,v13009
System-6PANC,v13006
System-6PANC,v13021
System-6PAPB,v13013
System-6PAPB,v13017
System-6PAUF,v13008
System-6PANC,v12034
System-6PANC,z13017
System-6PARC,v05049
System-6PANC,z13104
System-6PARC,v05033
System-6PARC,z11027
System-6PARC,z12025
System-6PARC,z12131
System-6PARC,z12132
System-6PARC,z12299
System-6PARC,z12463
System-6PASA,z13033
System-6PARI,z13126
System-6PAMA,z13152
System-6PAUK,z13099
System-6PANC,z13078
System-6PARC,z13059
System-6PATA,z13109
System-6PAMA,z13147
System-6PAUJ,z12325
System-6PAMA,z13067
System-6PARI,z13015
